bin_index,detection_score,detection_score_min,detection_score_max,original_top1,original_top2,original_top3,original_ndcg,reranked_top1,reranked_top2,reranked_top3,reranked_ndcg,count
0,0.5198774256489493,0.4243013858795166,0.6609084010124207,0.6363636363636364,0.8181818181818182,0.8636363636363636,0.8221262399893899,0.45454545454545453,0.6363636363636364,0.7727272727272727,0.7264852670973604,22
1,0.7889150435274298,0.6748167872428894,0.8649657964706421,0.8181818181818182,0.9090909090909091,0.9090909090909091,0.9128189876550649,0.6363636363636364,0.8636363636363636,0.9090909090909091,0.8251318251384958,22
2,0.8912422521547838,0.8669264912605286,0.904362678527832,0.45454545454545453,0.7272727272727273,0.8636363636363636,0.749020892222795,0.5,0.6363636363636364,0.9545454545454546,0.7626928622878496,22
3,0.9154062216932123,0.9058728218078613,0.9241165518760681,0.9090909090909091,1.0,1.0,0.9442856716807949,0.8181818181818182,0.8181818181818182,0.8181818181818182,0.8797576094952064,22
4,0.9397402866320177,0.9267611503601074,0.9641727805137634,0.8636363636363636,0.9545454545454546,0.9545454545454546,0.9405296338863661,0.6818181818181818,0.8636363636363636,0.9090909090909091,0.8554115529101348,22
